{"IcoMoonType":"selection","icons":[{"icon":{"paths":["M62 512v450h900v-900h-900v450zM636 265l21 21-226 226 226 226-21.6 21.4-21.4 21.6-269-269 134-134c73.6-73.6 134.4-134 135-134s10.4 9.4 22 21z"],"attrs":[{}],"isMulticolor":false,"isMulticolor2":false,"grid":0,"tags":["left-arrow"]},"attrs":[{}],"properties":{"order":2,"id":0,"name":"left-arrow","prevSize":32,"code":59648},"setIdx":0,"setId":2,"iconIdx":0}],"height":1024,"metadata":{"name":"icomoon"},"preferences":{"showGlyphs":true,"showQuickUse":true,"showQuickUse2":true,"showSVGs":true,"fontPref":{"prefix":"icon-","metadata":{"fontFamily":"icomoon"},"metrics":{"emSize":1024,"baseline":6.25,"whitespace":50},"embed":false},"imagePref":{"prefix":"icon-","png":true,"useClassSelector":true,"color":0,"bgColor":16777215,"classSelector":".icon"},"historySize":50,"showCodes":true,"gridSize":16}}